id;idloc;arriere;date;datedepart;fonction;loyer;motifdepart;nationalite;nom;numpiece;observation;statut;telephone;typepiece
1;falloir;15508;2025-07-20T12:27:57;2025-07-20T21:35:56;à côté de sans que moyennant;25503;moyennant demain;badaboum puisque triathlète;à bas de dynamique;clac;à même;conseil d’administration trop;+33 480730347;vide gens
2;corps enseignant éviter;15889;2025-07-20T14:09:16;2025-07-20T17:25:41;au cas où dès ah;2286;délégation puisque même;membre de l’équipe;vis-à-vie de au-dedans de;efficace;adorable ouf;toucher broum;+33 111370096;extra
3;oups partenaire boum;5529;2025-07-20T20:06:11;2025-07-20T18:18:06;commis de cuisine large magenta;32165;terne;sauvage à bas de;magenta trop doucement;membre à vie hors de;trop;blablabla outre malgré;0256443291;diététiste hypocrite de peur que
4;prestataire de services par rapport à guide;3736;2025-07-20T23:11:31;2025-07-20T06:05:20;blablabla en plus de;3300;vroum;contourner premièrement du moment que;administration impromptu gâcher;ouille;vouh ci équipe de recherche;demain là-haut étant donné que;+33 635646945;plic habile dessous
5;par suite de vlan;11051;2025-07-20T15:59:20;2025-07-20T03:40:43;présidence du côté de;9355;moins entre de manière à ce que;vouh;miam d'entre;absolument;de peur que vorace comme;de sorte que;+33 381092697;puisque parmi espiègle
6;au point que prestataire de services;2092;2025-07-20T15:28:36;2025-07-20T20:16:00;envisager sympathique;16127;prévaloir membre du personnel;que parlementaire;de manière à ouf;trop esquisser émérite;passablement manier;tchou tchouu;0134479582;selon malgré concernant
7;trop peu;6854;2025-07-20T02:20:48;2025-07-20T21:06:51;dans la mesure où jadis;26749;si vu que;bien que afin de;membre à vie;insister tantôt passer;tic-tac forcer;auparavant lorsque arrière;0478613073;autrement horrible communauté étudiante
8;conseil d’administration;14349;2025-07-20T23:28:02;2025-07-20T02:24:14;débrouiller responsable;30782;que broum;membre à vie sitôt que si bien que;patientèle prévoir;boum snob même si;porte-parole que;population du Québec;0687555385;à la merci doucement
9;espiègle super à travers;3683;2025-07-20T13:35:15;2025-07-20T09:43:50;vers fondre avare;27876;prou chut fade;quasiment à force de;comment à l'encontre de ouin;choisir considérable;au-dessus de badaboum à peine;approcher ensemble;+33 140501990;responsable adorable
10;publier du fait que du fait que;27337;2025-07-20T10:35:46;2025-07-20T00:43:38;près de regretter;29306;alors que à travers pauvre;souvent;biathlète prout diététiste;de façon que;aussi;équipe de recherche raser;+33 768416417;près grâce à
