id;iduser;login;nom;prenom;date_de_naissance;motdepasse;email;photo;pwd;role
1;après-demain avant que;blême;responsable membre à vie;lentement calme immense;2025-07-20T23:58:21;transporter prestataire de services lâche;Althee_Robert61@gmail.com;occuper;ouch triathlète mélancolique;USER
2;snif cot cot;délégation aimable remuer;accorder dehors plaider;tellement sincère;2025-07-20T20:25:34;tranquille pacifique;Delphine_Olivier@yahoo.fr;près biathlète;aussitôt hier;ADMIN
3;pourvu que lunatique;groin groin;corps enseignant triathlète;porte-parole;2025-07-20T22:20:58;tandis que;Auguste.Royer@gmail.com;pourvu que population du Québec;blablabla en dépit de diplomate;USER
4;plic;sans que;comme subsister crier;étant donné que illustrer assez;2025-07-20T12:00:49;drelin infime quoique;Adalric31@hotmail.fr;chercher rédiger en;miaou cocorico équipe de recherche;USER
5;antagoniste;gigantesque cot cot;fade;presque à demi écarter;2025-07-20T09:15:53;insipide hors de;Angilbe_Legrand12@hotmail.fr;aussitôt que au lieu de rectangulaire;hé ça aussitôt que;USER
6;suivant cadre grâce à;miam outre même;présenter;membre à vie;2025-07-20T07:04:19;placide;Leonard_Rolland47@hotmail.fr;bien que pschitt en faveur de;à raison de avant de sans doute;USER
7;vis-à-vie de clac;bzzz;calme pendant que pourvu que;parce que;2025-07-20T09:54:12;ronron;Audouin.Dumont51@yahoo.fr;patientèle;touchant au prix de aux environs de;ADMIN
8;aimable outre;raisonner quoique;sans que rudement tarder;étonner;2025-07-20T16:26:52;autour de protéger;Brice.Baron26@gmail.com;tard;hors de;ADMIN
9;doucement groin groin de sorte que;dring;plouf trop peu;même si;2025-07-20T10:24:15;au-delà auparavant spécialiste;Paterne.Leclerc45@hotmail.fr;horrible incarner vis-à-vie de;pauvre;ADMIN
10;croâ vétuste;derrière direction;au point que payer;conclure dorénavant diététiste;2025-07-20T07:17:11;sauvage équipe de recherche;Arcadie73@yahoo.fr;alors que au cas où à même;conseil municipal transporter population du Québec;USER
